create TABLE AGEBAND (
    AGEBAND_ID NUMBER NOT NULL,
    PLAN_ID NUMBER NULL, 
    AGEBAND VARCHAR (4000  ) NULL, 
    NUMLIVES NUMBER NULL,
    SUMASSURED NUMBER NULL,
    GENDER VARCHAR (4000  ) NULL,
    RATE NUMBER NULL, 
    PREMIUM NUMBER NULL, 
    SUMASSUREDPP NUMBER NULL
);

create TABLE AGESPECIFIC (
    AGESPECIFIC_ID NUMBER NOT NULL, 
    PLAN_ID NUMBER NULL,
    AGE_SPECIFIC NUMBER NULL, 
    NUMLIVES NUMBER NULL, 
    GENDER VARCHAR (4000  ) NULL, 
    SUMASSURED NUMBER NULL
);


create TABLE BENEFITS (
    BENEFIT_ID NUMBER NOT NULL, 
    PLAN_ID NUMBER NULL, 
    BENEFIT VARCHAR (4000  ) NULL, 
    NAME VARCHAR (4000  ) NULL, 
    LIMIT_NEW NUMBER NULL,
    IN_BENEFIT VARCHAR (4000  ) NULL, 
    BASICRATE NUMBER NULL, 
    REF_MMBENEFIT VARCHAR (4000  ) NULL, 
    PLAN_NUMBER VARCHAR (4000  ) NULL
); 

create TABLE CLASSIFICATION (
    CLASSIFICATION_ID NUMBER NOT NULL, 
    PLAN_ID NUMBER NULL, 
    PREMIUM NUMBER NULL, 
    NUMLIVES NUMBER NULL, 
    RATE NUMBER NULL, 
    CLASS VARCHAR (4000  ) NULL, 
    SUMASSURED NUMBER NULL, 
    SUMASSUREDPP NUMBER NULL, 
    TOTALANNUALSALARY NUMBER NULL
);

create TABLE GHS_PLAN_TO_MM_BENEFITS (
    SOURCE_PLAN_ID NUMBER NULL, 
    TARGET_PLAN_ID NUMBER NULL
);

create TABLE PLANS (
    PLAN_ID NUMBER NOT NULL, 
    PRODUCT_ID NUMBER NULL, 
    IN_PLAN VARCHAR (4000  ) NULL, 
    GHS_EMPHEADCOUNT NUMBER NULL, 
    GHS_EMPFAMHEADCOUNT NUMBER NULL, 
    GHS_EMPSPOUSEHEADCOUNT NUMBER NULL, 
    OCCCLASS VARCHAR (4000  ) NULL, 
    MM_BENEFITLIMITMULTIPLIER NUMBER NULL, 
    MM_BENEFITPREMIUMRATIO NUMBER NULL, 
    NAME VARCHAR (4000  ) NULL, 
    USERDEFINEDNAME VARCHAR (4000  ) NULL, 
    GTL_NUMBEROFLIVES NUMBER NULL, 
    GTL_SUMASSURED NUMBER NULL, 
    MM_BENEFITLIMIT NUMBER NULL, 
    GADD_SUMASSURED NUMBER NULL, 
    GADD_NUMBEROFLIVES NUMBER NULL, 
    MM_EMPSPOUSECOUNT NUMBER NULL, 
    MM_EMPCOUNT NUMBER NULL, 
    MM_EMPFAMCOUNT NUMBER NULL, 
    GHS_EMPSPOUSEPREMIUM NUMBER NULL, 
    GHS_EMPFAMPREMIUM NUMBER NULL, 
    GHS_EMPPREMIUM NUMBER NULL, 
    USESALARYMULTIPLIER BOOLEAN NULL, 
    MM_PREMIUMRATEEMP NUMBER NULL, 
    MM_PREMIUMRATEEMPSPOUSE NUMBER NULL, 
    MM_PREMIUMRATEEMPFAM NUMBER NULL, 
    GHS_PREMIUMRATEEMP NUMBER NULL, 
    GHS_PREMIUMRATEEMPSPOUSE NUMBER NULL, 
    GHS_PREMIUMRATEEMPFAM NUMBER NULL, 
    SALARYMULTIPLIER NUMBER NULL, 
    NUMLIVES NUMBER NULL
);

create TABLE PRICINGMEMBER (
    PRICINGMEMBER_ID NUMBER NOT NULL, 
    PLAN_ID NUMBER NULL, 
    MEMBER VARCHAR (4000  ) NULL, 
    GENDER VARCHAR (4000  ) NULL, AGE NUMBER NULL, 
    ANNUALSALARY NUMBER NULL, SUMASSURED NUMBER NULL
);

create TABLE PRODUCTS (
    PRODUCT_ID NUMBER NOT NULL, 
    QUOTE_ID NUMBER NULL, 
    SELECTED_GADD BOOLEAN NULL, 
    SELECTED_GTL BOOLEAN NULL, 
    SELECTED_GHS BOOLEAN NULL, 
    SELECTED_MM BOOLEAN NULL, 
    GTLMETHOD VARCHAR (4000  ) NULL, 
    IN_PRODUCT VARCHAR (4000  ) NULL, 
    MM_BASICPREMIUM NUMBER NULL, 
    GADD_PRICING VARCHAR (4000  ) NULL, 
    GTL_SUMASSURED NUMBER NULL, 
    GTL_NUMLIVES NUMBER NULL, 
    GTL_NELKFACTOR NUMBER NULL, 
    GTL_AVERAGESUMASSURED NUMBER NULL, 
    COMMISSIONRATECALCMETHOD VARCHAR (4000  ) NULL, 
    Y1CLAIM NUMBER NULL, 
    Y2CLAIM NUMBER NULL, 
    CYCLAIM NUMBER NULL, 
    CYCLAIMMONTHS NUMBER NULL, 
    GHS_BASICPREMIUM NUMBER NULL, 
    GTL_NEL NUMBER NULL, 
    GADD_SUMASSURED NUMBER NULL, 
    TARGETCOMMISSIONRATE NUMBER NULL, 
    TAKEOVERAPPLIES BOOLEAN NULL, 
    TARGETPREMIUM NUMBER NULL, 
    CURRENTINSURER VARCHAR (4000  ) NULL, 
    CURRENTPREMIUM NUMBER NULL, 
    TARGETPREMIUMRATE NUMBER NULL, 
    GHS_PRICING VARCHAR (4000  ) NULL, 
    GADD_PREMIUMRATEFINAL NUMBER NULL, 
    GTL_PREMIUMRATEFINAL NUMBER NULL, 
    REF_TRUE BOOLEAN NULL, 
    PASTCLAIMSAVERAGE NUMBER NULL, 
    GADD_PREMIUMRATE NUMBER NULL, 
    GTL_PREMIUMRATE NUMBER NULL, 
    DEFAULTCOMMISSIONRATE NUMBER NULL, 
    GTL_BASICPREMIUM NUMBER NULL, 
    GADD_BASICPREMIUM NUMBER NULL, 
    REVISEDFINALPREMIUM NUMBER NULL, 
    REVISEDCOMMISSIONRATE NUMBER NULL, 
    CALCULATEDFINALPREMIUM NUMBER NULL, 
    GADD_FINALPREMIUM NUMBER NULL, 
    GHS_REVISEDFINALPREMIUM NUMBER NULL, 
    GADD_REVISEDFINALPREMIUM NUMBER NULL, 
    MM_FINALPREMIUM NUMBER NULL, 
    GHS_REVISEDCOMMISSIONRATE NUMBER NULL, 
    GTL_BASICPREMIUMAFTERDISCRETIO NUMBER NULL, 
    PREMIUMAFTERGST NUMBER NULL, 
    GSTAMOUNT NUMBER NULL, 
    GTL_NUMEXCEEDINGNEL NUMBER NULL, 
    Y2CLAIMANNUALISED NUMBER NULL, 
    Y1CLAIMANNUALISED NUMBER NULL, 
    CYCLAIMANNUALISED NUMBER NULL, 
    HASCAPPINGS BOOLEAN NULL, 
    HASEXCLUSIONS BOOLEAN NULL, 
    HASLOADING BOOLEAN NULL, 
    CAPPINGDETAILS VARCHAR (4000  ) NULL, 
    EXCLUSIONSDETAILS VARCHAR (4000  ) NULL, 
    LOADINGDETAILS VARCHAR (4000  ) NULL
);

create TABLE QUOTE (
    QUOTE_ID NUMBER NOT NULL, 
    GST NUMBER NULL, 
    CLIENTNAME VARCHAR (4000  ) NULL, 
    CLIENTINDUSTRY VARCHAR (4000  ) NULL, 
    COMMENTS VARCHAR (4000  ) NULL, 
    DISTRIBUTIONCHANNEL VARCHAR (4000  ) NULL, 
    CLIENT_ADDRESSLINE1 VARCHAR (4000  ) NULL, 
    CLIENT_ADDRESSLINE2 VARCHAR (4000  ) NULL, 
    CLIENTSTATE VARCHAR (4000  ) NULL, 
    CLIENT_POSTCODE NUMBER NULL, 
    GROUPSIZE NUMBER NULL, 
    CREDIBILITY NUMBER NULL, 
    SIZEDISCOUNT NUMBER NULL, 
    INSURANCESTARTDATE DATE NULL, 
    INSURANCEEXPIRYDATE DATE NULL, 
    EMPTERMINALLYILL NUMBER NULL, 
    ELIGIBLE_GROUPSIZE NUMBER NULL, 
    EMPEXCLUDED NUMBER NULL, 
    EMPLOYEESABOVE65 NUMBER NULL, 
    CALCULATED_EMPABOVE65 NUMBER NULL, 
    VALIDSTARTDATE DATE NULL, 
    VALIDENDDATE DATE NULL, 
    STATUS VARCHAR (4000  ) NULL, 
    COMPANY_REGISTRATIONNUMBER VARCHAR (4000  ) NULL, 
    CALCULATEDCOMMISSIONRATE NUMBER NULL, 
    CALCULATED_FINAL_PREMIUM NUMBER NULL, 
    REVISED_FINAL_PREMIUM NUMBER NULL
);

create TABLE QUOTE_ATTACHMENTS (
    QUOTE_ID NUMBER NULL, 
    A_TABLE_NAME VARCHAR (4000  ) NULL, 
    A_NAME VARCHAR (4000  ) NULL, 
    A_FILE_NAME VARCHAR (4000  ) NULL, 
    A_DESCRIPTION VARCHAR (4000  ) NULL, 
    A_FILE BLOB NULL
);

create TABLE SUBBENEFITS (
    SUBBENEFIT_ID NUMBER NOT NULL, 
    BENEFIT_ID NUMBER NULL, 
    IN_SUBBENEFIT VARCHAR (4000  ) NULL
);

Insert into BENEFITS
   (BENEFIT_ID, PLAN_ID, BENEFIT, NAME, LIMIT_NEW, 
    IN_BENEFIT, BASICRATE, REF_MMBENEFIT, PLAN_NUMBER)
 Values
   (1, 1, NULL, NULL, 500, 
    'Room & Board', NULL, NULL, NULL);
Insert into BENEFITS
   (BENEFIT_ID, PLAN_ID, BENEFIT, NAME, LIMIT_NEW, 
    IN_BENEFIT, BASICRATE, REF_MMBENEFIT, PLAN_NUMBER)
 Values
   (2, 1, NULL, NULL, 1500, 
    'ICU', NULL, NULL, NULL);
Insert into BENEFITS
   (BENEFIT_ID, PLAN_ID, BENEFIT, NAME, LIMIT_NEW, 
    IN_BENEFIT, BASICRATE, REF_MMBENEFIT, PLAN_NUMBER)
 Values
   (3, 1, NULL, NULL, 5000, 
    'Hospital Services (Incl. Surgical Implant)', NULL, NULL, NULL);
Insert into BENEFITS
   (BENEFIT_ID, PLAN_ID, BENEFIT, NAME, LIMIT_NEW, 
    IN_BENEFIT, BASICRATE, REF_MMBENEFIT, PLAN_NUMBER)
 Values
   (4, 1, NULL, NULL, 10000, 
    'Surgery', NULL, NULL, NULL);
Insert into BENEFITS
   (BENEFIT_ID, PLAN_ID, BENEFIT, NAME, LIMIT_NEW, 
    IN_BENEFIT, BASICRATE, REF_MMBENEFIT, PLAN_NUMBER)
 Values
   (5, 1, NULL, NULL, 100, 
    'Doctor''s Visit', NULL, NULL, NULL);
Insert into BENEFITS
   (BENEFIT_ID, PLAN_ID, BENEFIT, NAME, LIMIT_NEW, 
    IN_BENEFIT, BASICRATE, REF_MMBENEFIT, PLAN_NUMBER)
 Values
   (6, 1, NULL, NULL, 2000, 
    'Emergency', NULL, NULL, NULL);
Insert into BENEFITS
   (BENEFIT_ID, PLAN_ID, BENEFIT, NAME, LIMIT_NEW, 
    IN_BENEFIT, BASICRATE, REF_MMBENEFIT, PLAN_NUMBER)
 Values
   (7, 1, NULL, NULL, 1500, 
    'Pre & Post', NULL, NULL, NULL);
Insert into BENEFITS
   (BENEFIT_ID, PLAN_ID, BENEFIT, NAME, LIMIT_NEW, 
    IN_BENEFIT, BASICRATE, REF_MMBENEFIT, PLAN_NUMBER)
 Values
   (8, 1, NULL, NULL, 25000, 
    'Govt/Restructured Hospital', NULL, NULL, NULL);
Insert into BENEFITS
   (BENEFIT_ID, PLAN_ID, BENEFIT, NAME, LIMIT_NEW, 
    IN_BENEFIT, BASICRATE, REF_MMBENEFIT, PLAN_NUMBER)
 Values
   (9, 1, NULL, NULL, 5000, 
    'Death Benefit', NULL, NULL, NULL);
Insert into BENEFITS
   (BENEFIT_ID, PLAN_ID, BENEFIT, NAME, LIMIT_NEW, 
    IN_BENEFIT, BASICRATE, REF_MMBENEFIT, PLAN_NUMBER)
 Values
   (10, 2, NULL, NULL, 250, 
    'Room & Board', NULL, NULL, NULL);
Insert into BENEFITS
   (BENEFIT_ID, PLAN_ID, BENEFIT, NAME, LIMIT_NEW, 
    IN_BENEFIT, BASICRATE, REF_MMBENEFIT, PLAN_NUMBER)
 Values
   (11, 2, NULL, NULL, 750, 
    'ICU', NULL, NULL, NULL);
Insert into BENEFITS
   (BENEFIT_ID, PLAN_ID, BENEFIT, NAME, LIMIT_NEW, 
    IN_BENEFIT, BASICRATE, REF_MMBENEFIT, PLAN_NUMBER)
 Values
   (12, 2, NULL, NULL, 2500, 
    'Hospital Services (Incl. Surgical Implant)', NULL, NULL, NULL);
Insert into BENEFITS
   (BENEFIT_ID, PLAN_ID, BENEFIT, NAME, LIMIT_NEW, 
    IN_BENEFIT, BASICRATE, REF_MMBENEFIT, PLAN_NUMBER)
 Values
   (13, 2, NULL, NULL, 5000, 
    'Surgery', NULL, NULL, NULL);
Insert into BENEFITS
   (BENEFIT_ID, PLAN_ID, BENEFIT, NAME, LIMIT_NEW, 
    IN_BENEFIT, BASICRATE, REF_MMBENEFIT, PLAN_NUMBER)
 Values
   (14, 2, NULL, NULL, 500, 
    'Doctor''s Visit', NULL, NULL, NULL);
Insert into BENEFITS
   (BENEFIT_ID, PLAN_ID, BENEFIT, NAME, LIMIT_NEW, 
    IN_BENEFIT, BASICRATE, REF_MMBENEFIT, PLAN_NUMBER)
 Values
   (15, 2, NULL, NULL, 500, 
    'Emergency', NULL, NULL, NULL);
Insert into BENEFITS
   (BENEFIT_ID, PLAN_ID, BENEFIT, NAME, LIMIT_NEW, 
    IN_BENEFIT, BASICRATE, REF_MMBENEFIT, PLAN_NUMBER)
 Values
   (16, 2, NULL, NULL, 500, 
    'Pre & Post', NULL, NULL, NULL);
Insert into BENEFITS
   (BENEFIT_ID, PLAN_ID, BENEFIT, NAME, LIMIT_NEW, 
    IN_BENEFIT, BASICRATE, REF_MMBENEFIT, PLAN_NUMBER)
 Values
   (17, 2, NULL, NULL, 5000, 
    'Death Benefit', NULL, NULL, NULL);
COMMIT;


Insert into PLANS
   (PLAN_ID, PRODUCT_ID, IN_PLAN, GHS_EMPHEADCOUNT, GHS_EMPFAMHEADCOUNT, 
    GHS_EMPSPOUSEHEADCOUNT, OCCCLASS, MM_BENEFITLIMITMULTIPLIER, MM_BENEFITPREMIUMRATIO, NAME, 
    USERDEFINEDNAME, GTL_NUMBEROFLIVES, GTL_SUMASSURED, MM_BENEFITLIMIT, GADD_SUMASSURED, 
    GADD_NUMBEROFLIVES, MM_EMPSPOUSECOUNT, MM_EMPCOUNT, MM_EMPFAMCOUNT, GHS_EMPSPOUSEPREMIUM, 
    GHS_EMPFAMPREMIUM, GHS_EMPPREMIUM, USESALARYMULTIPLIER, MM_PREMIUMRATEEMP, MM_PREMIUMRATEEMPSPOUSE, 
    MM_PREMIUMRATEEMPFAM, GHS_PREMIUMRATEEMP, GHS_PREMIUMRATEEMPSPOUSE, GHS_PREMIUMRATEEMPFAM, SALARYMULTIPLIER, 
    NUMLIVES)
 Values
   (21, 21, 'Plan 1', NULL, NULL, 
    NULL, NULL, NULL, NULL, 'Plan 1: All Employees', 
    NULL, NULL, NULL, NULL, NULL, 
    NULL, NULL, NULL, NULL, NULL, 
    NULL, NULL, NULL, NULL, NULL, 
    NULL, NULL, NULL, NULL, NULL, 
    10);
Insert into PLANS
   (PLAN_ID, PRODUCT_ID, IN_PLAN, GHS_EMPHEADCOUNT, GHS_EMPFAMHEADCOUNT, 
    GHS_EMPSPOUSEHEADCOUNT, OCCCLASS, MM_BENEFITLIMITMULTIPLIER, MM_BENEFITPREMIUMRATIO, NAME, 
    USERDEFINEDNAME, GTL_NUMBEROFLIVES, GTL_SUMASSURED, MM_BENEFITLIMIT, GADD_SUMASSURED, 
    GADD_NUMBEROFLIVES, MM_EMPSPOUSECOUNT, MM_EMPCOUNT, MM_EMPFAMCOUNT, GHS_EMPSPOUSEPREMIUM, 
    GHS_EMPFAMPREMIUM, GHS_EMPPREMIUM, USESALARYMULTIPLIER, MM_PREMIUMRATEEMP, MM_PREMIUMRATEEMPSPOUSE, 
    MM_PREMIUMRATEEMPFAM, GHS_PREMIUMRATEEMP, GHS_PREMIUMRATEEMPSPOUSE, GHS_PREMIUMRATEEMPFAM, SALARYMULTIPLIER, 
    NUMLIVES)
 Values
   (22, 21, 'Plan 2', NULL, NULL, 
    NULL, NULL, NULL, NULL, 'Plan 2: Other Employees', 
    NULL, NULL, NULL, NULL, NULL, 
    NULL, NULL, NULL, NULL, NULL, 
    NULL, NULL, NULL, NULL, NULL, 
    NULL, NULL, NULL, NULL, NULL, 
    5);
Insert into PLANS
   (PLAN_ID, PRODUCT_ID, IN_PLAN, GHS_EMPHEADCOUNT, GHS_EMPFAMHEADCOUNT, 
    GHS_EMPSPOUSEHEADCOUNT, OCCCLASS, MM_BENEFITLIMITMULTIPLIER, MM_BENEFITPREMIUMRATIO, NAME, 
    USERDEFINEDNAME, GTL_NUMBEROFLIVES, GTL_SUMASSURED, MM_BENEFITLIMIT, GADD_SUMASSURED, 
    GADD_NUMBEROFLIVES, MM_EMPSPOUSECOUNT, MM_EMPCOUNT, MM_EMPFAMCOUNT, GHS_EMPSPOUSEPREMIUM, 
    GHS_EMPFAMPREMIUM, GHS_EMPPREMIUM, USESALARYMULTIPLIER, MM_PREMIUMRATEEMP, MM_PREMIUMRATEEMPSPOUSE, 
    MM_PREMIUMRATEEMPFAM, GHS_PREMIUMRATEEMP, GHS_PREMIUMRATEEMPSPOUSE, GHS_PREMIUMRATEEMPFAM, SALARYMULTIPLIER, 
    NUMLIVES)
 Values
   (1, 1, 'Plan 1', 5, 1, 
    2, NULL, NULL, NULL, 'Plan 1: Management Staff', 
    NULL, NULL, NULL, NULL, NULL, 
    NULL, NULL, NULL, NULL, NULL, 
    NULL, NULL, NULL, NULL, NULL, 
    NULL, NULL, NULL, NULL, NULL, 
    0);
Insert into PLANS
   (PLAN_ID, PRODUCT_ID, IN_PLAN, GHS_EMPHEADCOUNT, GHS_EMPFAMHEADCOUNT, 
    GHS_EMPSPOUSEHEADCOUNT, OCCCLASS, MM_BENEFITLIMITMULTIPLIER, MM_BENEFITPREMIUMRATIO, NAME, 
    USERDEFINEDNAME, GTL_NUMBEROFLIVES, GTL_SUMASSURED, MM_BENEFITLIMIT, GADD_SUMASSURED, 
    GADD_NUMBEROFLIVES, MM_EMPSPOUSECOUNT, MM_EMPCOUNT, MM_EMPFAMCOUNT, GHS_EMPSPOUSEPREMIUM, 
    GHS_EMPFAMPREMIUM, GHS_EMPPREMIUM, USESALARYMULTIPLIER, MM_PREMIUMRATEEMP, MM_PREMIUMRATEEMPSPOUSE, 
    MM_PREMIUMRATEEMPFAM, GHS_PREMIUMRATEEMP, GHS_PREMIUMRATEEMPSPOUSE, GHS_PREMIUMRATEEMPFAM, SALARYMULTIPLIER, 
    NUMLIVES)
 Values
   (2, 1, 'Plan 2', 4, 0, 
    1, NULL, NULL, NULL, 'Plan 2: All Other Staff', 
    NULL, NULL, NULL, NULL, NULL, 
    NULL, NULL, NULL, NULL, NULL, 
    NULL, NULL, NULL, NULL, NULL, 
    NULL, NULL, NULL, NULL, NULL, 
    0);
COMMIT;


Insert into AGEBAND
   (AGEBAND_ID, PLAN_ID, AGEBAND, NUMLIVES, SUMASSURED, 
    GENDER, RATE, PREMIUM, SUMASSUREDPP)
 Values
   (1, 21, '16 - 29', 10, 100000, 
    'Male', NULL, NULL, NULL);
Insert into AGEBAND
   (AGEBAND_ID, PLAN_ID, AGEBAND, NUMLIVES, SUMASSURED, 
    GENDER, RATE, PREMIUM, SUMASSUREDPP)
 Values
   (2, 22, '30 - 34', 5, 500000, 
    'Male', NULL, NULL, NULL);
COMMIT;




Insert into PRODUCTS
   (PRODUCT_ID, QUOTE_ID, SELECTED_GADD, SELECTED_GTL, SELECTED_GHS, 
    SELECTED_MM, GTLMETHOD, IN_PRODUCT, MM_BASICPREMIUM, GADD_PRICING, 
    GTL_SUMASSURED, GTL_NUMLIVES, GTL_NELKFACTOR, GTL_AVERAGESUMASSURED, COMMISSIONRATECALCMETHOD, 
    Y1CLAIM, Y2CLAIM, CYCLAIM, CYCLAIMMONTHS, GHS_BASICPREMIUM, 
    GTL_NEL, GADD_SUMASSURED, TARGETCOMMISSIONRATE, TAKEOVERAPPLIES, TARGETPREMIUM, 
    CURRENTINSURER, CURRENTPREMIUM, TARGETPREMIUMRATE, GHS_PRICING, GADD_PREMIUMRATEFINAL, 
    GTL_PREMIUMRATEFINAL, REF_TRUE, PASTCLAIMSAVERAGE, GADD_PREMIUMRATE, GTL_PREMIUMRATE, 
    DEFAULTCOMMISSIONRATE, GTL_BASICPREMIUM, GADD_BASICPREMIUM, REVISEDFINALPREMIUM, REVISEDCOMMISSIONRATE, 
    CALCULATEDFINALPREMIUM, GADD_FINALPREMIUM, GHS_REVISEDFINALPREMIUM, GADD_REVISEDFINALPREMIUM, MM_FINALPREMIUM, 
    GHS_REVISEDCOMMISSIONRATE, GTL_BASICPREMIUMAFTERDISCRETIO, PREMIUMAFTERGST, GSTAMOUNT, GTL_NUMEXCEEDINGNEL, 
    Y2CLAIMANNUALISED, Y1CLAIMANNUALISED, CYCLAIMANNUALISED, HASCAPPINGS, HASEXCLUSIONS, 
    HASLOADING, CAPPINGDETAILS, EXCLUSIONSDETAILS, LOADINGDETAILS)
 Values
   (21, 21, NULL, NULL, NULL, 
    NULL, 'Age Banded', 'Group Term Life', NULL, NULL, 
    NULL, NULL, NULL, NULL, NULL, 
    NULL, NULL, NULL, NULL, NULL, 
    NULL, NULL, NULL, 0, NULL, 
    'NA', NULL, NULL, NULL, NULL, 
    NULL, NULL, NULL, NULL, NULL, 
    NULL, NULL, NULL, 569.7, 10, 
    569.7, NULL, NULL, NULL, NULL, 
    NULL, 569.7, 609.579, 39.879, NULL, 
    NULL, NULL, NULL, NULL, NULL, 
    NULL, NULL, NULL, NULL);
Insert into PRODUCTS
   (PRODUCT_ID, QUOTE_ID, SELECTED_GADD, SELECTED_GTL, SELECTED_GHS, 
    SELECTED_MM, GTLMETHOD, IN_PRODUCT, MM_BASICPREMIUM, GADD_PRICING, 
    GTL_SUMASSURED, GTL_NUMLIVES, GTL_NELKFACTOR, GTL_AVERAGESUMASSURED, COMMISSIONRATECALCMETHOD, 
    Y1CLAIM, Y2CLAIM, CYCLAIM, CYCLAIMMONTHS, GHS_BASICPREMIUM, 
    GTL_NEL, GADD_SUMASSURED, TARGETCOMMISSIONRATE, TAKEOVERAPPLIES, TARGETPREMIUM, 
    CURRENTINSURER, CURRENTPREMIUM, TARGETPREMIUMRATE, GHS_PRICING, GADD_PREMIUMRATEFINAL, 
    GTL_PREMIUMRATEFINAL, REF_TRUE, PASTCLAIMSAVERAGE, GADD_PREMIUMRATE, GTL_PREMIUMRATE, 
    DEFAULTCOMMISSIONRATE, GTL_BASICPREMIUM, GADD_BASICPREMIUM, REVISEDFINALPREMIUM, REVISEDCOMMISSIONRATE, 
    CALCULATEDFINALPREMIUM, GADD_FINALPREMIUM, GHS_REVISEDFINALPREMIUM, GADD_REVISEDFINALPREMIUM, MM_FINALPREMIUM, 
    GHS_REVISEDCOMMISSIONRATE, GTL_BASICPREMIUMAFTERDISCRETIO, PREMIUMAFTERGST, GSTAMOUNT, GTL_NUMEXCEEDINGNEL, 
    Y2CLAIMANNUALISED, Y1CLAIMANNUALISED, CYCLAIMANNUALISED, HASCAPPINGS, HASEXCLUSIONS, 
    HASLOADING, CAPPINGDETAILS, EXCLUSIONSDETAILS, LOADINGDETAILS)
 Values
   (1, 1, NULL, NULL, NULL, 
    NULL, NULL, 'Group Health', NULL, NULL, 
    NULL, NULL, NULL, NULL, NULL, 
    25000, 30000, NULL, 9, NULL, 
    NULL, NULL, NULL, 1, NULL, 
    'ABC Insurance Ltd.', 50000, NULL, NULL, NULL, 
    NULL, NULL, NULL, NULL, NULL, 
    NULL, NULL, NULL, 20000, 9.4, 
    21196.18, NULL, NULL, NULL, NULL, 
    NULL, 0, 21400, 1400, NULL, 
    NULL, NULL, NULL, NULL, NULL, 
    NULL, NULL, NULL, NULL);
COMMIT;


Insert into QUOTE
   (QUOTE_ID, GST, CLIENTNAME, CLIENTINDUSTRY, COMMENTS, 
    DISTRIBUTIONCHANNEL, CLIENT_ADDRESSLINE1, CLIENT_ADDRESSLINE2, CLIENTSTATE, CLIENT_POSTCODE, 
    GROUPSIZE, CREDIBILITY, SIZEDISCOUNT, INSURANCESTARTDATE, INSURANCEEXPIRYDATE, 
    EMPTERMINALLYILL, ELIGIBLE_GROUPSIZE, EMPEXCLUDED, EMPLOYEESABOVE65, CALCULATED_EMPABOVE65, 
    VALIDSTARTDATE, VALIDENDDATE, STATUS, COMPANY_REGISTRATIONNUMBER, CALCULATEDCOMMISSIONRATE, 
    CALCULATED_FINAL_PREMIUM, REVISED_FINAL_PREMIUM)
 Values
   (21, 7, 'Company ABC', 'Manufacturing', NULL, 
    NULL, 'Unit 2, 3 Lawrence Avenue', '33-03 Hong Leong Building', 'Singapore', 48581, 
    15, NULL, 0, PARSEDATETIME('11/01/2015 00:00:00', 'MM/dd/yyyy kk:mm:ss'), PARSEDATETIME('10/31/2016 00:00:00', 'MM/dd/yyyy kk:mm:ss'), 
    0, NULL, NULL, 0, 0, 
    PARSEDATETIME('10/01/2015 00:00:00', 'MM/dd/yyyy kk:mm:ss'), PARSEDATETIME('11/30/2015 00:00:00', 'MM/dd/yyyy kk:mm:ss'), NULL, 'A123456', 10, 
    569.7, 569.7);
Insert into QUOTE
   (QUOTE_ID, GST, CLIENTNAME, CLIENTINDUSTRY, COMMENTS, 
    DISTRIBUTIONCHANNEL, CLIENT_ADDRESSLINE1, CLIENT_ADDRESSLINE2, CLIENTSTATE, CLIENT_POSTCODE, 
    GROUPSIZE, CREDIBILITY, SIZEDISCOUNT, INSURANCESTARTDATE, INSURANCEEXPIRYDATE, 
    EMPTERMINALLYILL, ELIGIBLE_GROUPSIZE, EMPEXCLUDED, EMPLOYEESABOVE65, CALCULATED_EMPABOVE65, 
    VALIDSTARTDATE, VALIDENDDATE, STATUS, COMPANY_REGISTRATIONNUMBER, CALCULATEDCOMMISSIONRATE, 
    CALCULATED_FINAL_PREMIUM, REVISED_FINAL_PREMIUM)
 Values
   (1, 7, 'ABC Ltd.', 'Financial and Insurance Activities', NULL, 
    NULL, NULL, NULL, NULL, NULL, 
    15, NULL, 0, PARSEDATETIME('10/29/2015 00:00:00', 'MM/dd/yyyy kk:mm:ss'), PARSEDATETIME('10/28/2016 00:00:00', 'MM/dd/yyyy kk:mm:ss'), 
    0, NULL, NULL, 2, 0, 
    PARSEDATETIME('09/29/2015 00:00:00', 'MM/dd/yyyy kk:mm:ss'), PARSEDATETIME('11/28/2015 00:00:00', 'MM/dd/yyyy kk:mm:ss'), NULL, '14081987', 15, 
    21196.18, 20000);